승인일자,가맹점,금액,제출자,증빙파일명
2026-07-01,쿠팡비즈,24400,김서연,RC-202607-0001.jpg
2026-07-01,스시조 소공,229000,김서연,RC-202607-0002.jpg
2026-07-01,삼원가든 신사,425000,김서연,RC-202607-0003.jpg
2026-07-01,교보문고 광화문,196400,박도윤,RC-202607-0004.jpg
2026-07-01,김밥천국 역삼점,42500,서준영,RC-202607-0005.jpg
2026-07-01,카카오T 블루,47400,서준영,RC-202607-0006.jpg
2026-07-01,김가네 선릉점,67000,서준영,RC-202607-0007.jpg
2026-07-01,오피스디포 강남점,108300,서준영,RC-202607-0008.jpg
2026-07-01,호텔현대 울산,115000,서준영,RC-202607-0009.jpg
2026-07-01,하남돼지집 삼성점,169000,서준영,RC-202607-0010.jpg
2026-07-01,인프런,177100,서준영,RC-202607-0011.jpg
2026-07-01,오피스디포 강남점,127500,오하은,RC-202607-0012.jpg
2026-07-01,서브웨이 강남파이낸스,22500,윤채원,RC-202607-0013.jpg
2026-07-01,이디야커피 역삼점,75500,윤채원,RC-202607-0014.jpg
2026-07-01,하이패스 자동결제,66600,이하준,RC-202607-0015.jpg
2026-07-01,티머니 충전,87800,이하준,RC-202607-0016.jpg
2026-07-01,광화문곱창 강남,415000,이하준,RC-202607-0017.jpg
2026-07-01,이디야커피 역삼점,58500,임시우,RC-202607-0018.jpg
2026-07-01,명동칼국수 강남점,62500,임시우,RC-202607-0019.jpg
2026-07-01,서울개인택시조합,21700,정예린,RC-202607-0020.jpg
2026-07-01,본죽 삼성점,26000,정예린,RC-202607-0021.jpg
2026-07-01,명동칼국수 강남점,29000,정예린,RC-202607-0022.jpg
2026-07-01,본죽 삼성점,82500,정예린,RC-202607-0023.jpg
2026-07-01,스타벅스 삼성점,82500,정예린,RC-202607-0024.jpg
2026-07-01,삼원가든 신사,192000,정예린,RC-202607-0025.jpg
2026-07-01,김가네 선릉점,7500,조유나,RC-202607-0026.jpg
2026-07-01,명동칼국수 강남점,7500,조유나,RC-202607-0027.jpg
2026-07-01,알파문구 선릉,44500,조유나,RC-202607-0028.jpg
2026-07-01,김가네 선릉점,89500,조유나,RC-202607-0029.jpg
2026-07-01,김밥천국 역삼점,62000,최민서,RC-202607-0030.jpg
2026-07-01,투썸플레이스 선릉점,16000,한지훈,RC-202607-0031.jpg
2026-07-01,명동칼국수 강남점,26500,한지훈,RC-202607-0032.jpg
2026-07-01,카카오T 블루,39700,한지훈,RC-202607-0033.jpg
2026-07-01,일렉트로마트 강남,86800,한지훈,RC-202607-0034.jpg
2026-07-01,스타벅스 삼성점,87000,한지훈,RC-202607-0035.jpg
2026-07-01,신라스테이 역삼,127000,한지훈,RC-202607-0036.jpg
2026-07-02,다이소 역삼점,13400,강지호,RC-202607-0037.jpg
2026-07-02,카카오T 블루,39300,강지호,RC-202607-0038.jpg
2026-07-02,신라스테이 역삼,116000,강지호,RC-202607-0039.jpg
2026-07-02,한솥도시락 역삼,18500,김서연,RC-202607-0040.jpg
2026-07-02,다이소 역삼점,68800,김서연,RC-202607-0041.jpg
2026-07-02,파킹클라우드 역삼,63500,박도윤,RC-202607-0042.jpg
2026-07-02,영풍문고 종로,193800,박도윤,RC-202607-0043.jpg
2026-07-02,이디야커피 역삼점,75500,서준영,RC-202607-0044.jpg
2026-07-02,명동칼국수 강남점,34500,오하은,RC-202607-0045.jpg
2026-07-02,알파문구 선릉,35200,오하은,RC-202607-0046.jpg
2026-07-02,일렉트로마트 강남,75500,오하은,RC-202607-0047.jpg
2026-07-02,베스트웨스턴 구로,163000,오하은,RC-202607-0048.jpg
2026-07-02,서울개인택시조합,31400,윤채원,RC-202607-0049.jpg
2026-07-02,SRT 수서역,31700,윤채원,RC-202607-0050.jpg
2026-07-02,김밥천국 역삼점,87000,윤채원,RC-202607-0051.jpg
2026-07-02,일렉트로마트 강남,131700,윤채원,RC-202607-0052.jpg
2026-07-02,다이소 역삼점,73900,이하준,RC-202607-0053.jpg
2026-07-02,SRT 수서역,75400,이하준,RC-202607-0054.jpg
2026-07-02,SRT 수서역,8400,임시우,RC-202607-0055.jpg
2026-07-02,이디야커피 역삼점,21500,임시우,RC-202607-0056.jpg
2026-07-02,SRT 수서역,67900,임시우,RC-202607-0057.jpg
2026-07-02,SRT 수서역,85800,임시우,RC-202607-0058.jpg
2026-07-02,하남돼지집 삼성점,477000,임시우,RC-202607-0059.jpg
2026-07-02,한우다이닝 청담,588000,임시우,RC-202607-0060.jpg
2026-07-02,한솥도시락 역삼,41500,정예린,RC-202607-0061.jpg
2026-07-02,오피스디포 강남점,89100,정예린,RC-202607-0062.jpg
2026-07-02,일렉트로마트 강남,124800,정예린,RC-202607-0063.jpg
2026-07-02,미도인 역삼,22000,조유나,RC-202607-0064.jpg
2026-07-02,교보문고 광화문,32500,조유나,RC-202607-0065.jpg
2026-07-02,미도인 역삼,63000,조유나,RC-202607-0066.jpg
2026-07-02,하남돼지집 삼성점,212000,조유나,RC-202607-0067.jpg
2026-07-02,SRT 수서역,38800,최민서,RC-202607-0068.jpg
2026-07-02,청담물갈비,409000,최민서,RC-202607-0069.jpg
2026-07-02,서브웨이 강남파이낸스,10500,한지훈,RC-202607-0070.jpg
2026-07-02,김가네 선릉점,18000,한지훈,RC-202607-0071.jpg
2026-07-02,오피스디포 강남점,128800,한지훈,RC-202607-0072.jpg
2026-07-03,티머니 충전,51600,강지호,RC-202607-0073.jpg
2026-07-03,코레일 서울역,86800,강지호,RC-202607-0074.jpg
2026-07-03,SRT 수서역,32400,김서연,RC-202607-0075.jpg
2026-07-03,오피스디포 강남점,39400,김서연,RC-202607-0076.jpg
2026-07-03,서브웨이 강남파이낸스,81500,김서연,RC-202607-0077.jpg
2026-07-03,다이소 역삼점,111600,김서연,RC-202607-0078.jpg
2026-07-03,쿠팡비즈,114800,김서연,RC-202607-0079.jpg
2026-07-03,청담물갈비,395000,김서연,RC-202607-0080.jpg
2026-07-03,하남돼지집 삼성점,452000,김서연,RC-202607-0081.jpg
2026-07-03,스시조 소공,504000,김서연,RC-202607-0082.jpg
2026-07-03,본죽 삼성점,14500,박도윤,RC-202607-0083.jpg
2026-07-03,파킹클라우드 역삼,47300,박도윤,RC-202607-0084.jpg
2026-07-03,일렉트로마트 강남,55600,박도윤,RC-202607-0085.jpg
2026-07-03,하이패스 자동결제,82400,박도윤,RC-202607-0086.jpg
2026-07-03,호텔현대 울산,93000,박도윤,RC-202607-0087.jpg
2026-07-03,김가네 선릉점,24500,서준영,RC-202607-0088.jpg
2026-07-03,라마다 대전,105000,서준영,RC-202607-0089.jpg
2026-07-03,김밥천국 역삼점,9500,오하은,RC-202607-0090.jpg
2026-07-03,일렉트로마트 강남,27800,오하은,RC-202607-0091.jpg
2026-07-03,미도인 역삼,31500,오하은,RC-202607-0092.jpg
2026-07-03,서울개인택시조합,49100,오하은,RC-202607-0093.jpg
2026-07-03,스시조 소공,254000,오하은,RC-202607-0094.jpg
2026-07-03,티머니 충전,32500,윤채원,RC-202607-0095.jpg
2026-07-03,청담물갈비,327000,윤채원,RC-202607-0096.jpg
2026-07-03,김밥천국 역삼점,74000,이하준,RC-202607-0097.jpg
2026-07-03,라마다 대전,152000,이하준,RC-202607-0098.jpg
2026-07-03,영풍문고 종로,275100,이하준,RC-202607-0099.jpg
2026-07-03,청담물갈비,466000,이하준,RC-202607-0100.jpg
2026-07-03,이디야커피 역삼점,28500,임시우,RC-202607-0101.jpg
2026-07-03,파킹클라우드 역삼,68700,임시우,RC-202607-0102.jpg
2026-07-03,투썸플레이스 선릉점,23500,정예린,RC-202607-0103.jpg
2026-07-03,스타벅스 삼성점,54000,정예린,RC-202607-0104.jpg
2026-07-03,영풍문고 종로,118200,정예린,RC-202607-0105.jpg
2026-07-03,영풍문고 종로,288800,정예린,RC-202607-0106.jpg
2026-07-03,하남돼지집 삼성점,459000,정예린,RC-202607-0107.jpg
2026-07-03,김밥천국 역삼점,64000,조유나,RC-202607-0108.jpg
2026-07-03,다이소 역삼점,72000,최민서,RC-202607-0109.jpg
2026-07-03,김가네 선릉점,78000,최민서,RC-202607-0110.jpg
2026-07-03,코레일 서울역,86700,최민서,RC-202607-0111.jpg
2026-07-03,일렉트로마트 강남,107700,최민서,RC-202607-0112.jpg
2026-07-03,카카오T 블루,23900,한지훈,RC-202607-0113.jpg
2026-07-03,다이소 역삼점,42500,한지훈,RC-202607-0114.jpg
2026-07-04,서울개인택시조합,19700,김서연,RC-202607-0115.jpg
2026-07-04,파킹클라우드 역삼,62200,박도윤,RC-202607-0116.jpg
2026-07-04,광화문곱창 강남,275000,오하은,RC-202607-0117.jpg
2026-07-04,하이패스 자동결제,31700,정예린,RC-202607-0118.jpg
2026-07-04,서울개인택시조합,4800,최민서,RC-202607-0119.jpg
2026-07-04,쿠팡비즈,61200,한지훈,RC-202607-0120.jpg
2026-07-05,SRT 수서역,48600,강지호,RC-202607-0121.jpg
2026-07-05,이디야커피 역삼점,42000,김서연,RC-202607-0122.jpg
2026-07-05,신라스테이 역삼,141000,박도윤,RC-202607-0123.jpg
2026-07-05,티머니 충전,39400,서준영,RC-202607-0124.jpg
2026-07-05,김가네 선릉점,63000,최민서,RC-202607-0125.jpg
2026-07-06,오피스디포 강남점,12000,강지호,RC-202607-0126.jpg
2026-07-06,서브웨이 강남파이낸스,76000,강지호,RC-202607-0127.jpg
2026-07-06,미도인 역삼,84500,강지호,RC-202607-0128.jpg
2026-07-06,투썸플레이스 선릉점,26500,김서연,RC-202607-0129.jpg
2026-07-06,명동칼국수 강남점,47000,김서연,RC-202607-0130.jpg
2026-07-06,카카오T 블루,85000,김서연,RC-202607-0131.jpg
2026-07-06,역삼포차,367000,김서연,RC-202607-0132.jpg
2026-07-06,알파문구 선릉,10400,박도윤,RC-202607-0133.jpg
2026-07-06,한솥도시락 역삼,43500,박도윤,RC-202607-0134.jpg
2026-07-06,교보문고 광화문,325700,박도윤,RC-202607-0135.jpg
2026-07-06,명동칼국수 강남점,22000,서준영,RC-202607-0136.jpg
2026-07-06,이디야커피 역삼점,41000,서준영,RC-202607-0137.jpg
2026-07-06,본죽 삼성점,52500,서준영,RC-202607-0138.jpg
2026-07-06,코레일 서울역,84200,서준영,RC-202607-0139.jpg
2026-07-06,교보문고 광화문,298100,서준영,RC-202607-0140.jpg
2026-07-06,서울개인택시조합,5700,오하은,RC-202607-0141.jpg
2026-07-06,한솥도시락 역삼,17000,오하은,RC-202607-0142.jpg
2026-07-06,명동칼국수 강남점,41500,오하은,RC-202607-0143.jpg
2026-07-06,명동칼국수 강남점,48000,오하은,RC-202607-0144.jpg
2026-07-06,미도인 역삼,80500,오하은,RC-202607-0145.jpg
2026-07-06,명동칼국수 강남점,87000,오하은,RC-202607-0146.jpg
2026-07-06,역삼포차,218000,오하은,RC-202607-0147.jpg
2026-07-06,한우다이닝 청담,351000,오하은,RC-202607-0148.jpg
2026-07-06,광화문곱창 강남,457000,오하은,RC-202607-0149.jpg
2026-07-06,김가네 선릉점,30500,윤채원,RC-202607-0150.jpg
2026-07-06,스타벅스 삼성점,38000,윤채원,RC-202607-0151.jpg
2026-07-06,미도인 역삼,31000,이하준,RC-202607-0152.jpg
2026-07-06,본죽 삼성점,42500,이하준,RC-202607-0153.jpg
2026-07-06,SRT 수서역,88800,이하준,RC-202607-0154.jpg
2026-07-06,일렉트로마트 강남,97700,이하준,RC-202607-0155.jpg
2026-07-06,김가네 선릉점,37000,임시우,RC-202607-0156.jpg
2026-07-06,삼원가든 신사,403000,임시우,RC-202607-0157.jpg
2026-07-06,서울개인택시조합,11200,정예린,RC-202607-0158.jpg
2026-07-06,파킹클라우드 역삼,48400,정예린,RC-202607-0159.jpg
2026-07-06,김밥천국 역삼점,51000,정예린,RC-202607-0160.jpg
2026-07-06,SRT 수서역,51500,정예린,RC-202607-0161.jpg
2026-07-06,오피스디포 강남점,56600,정예린,RC-202607-0162.jpg
2026-07-06,오피스디포 강남점,56600,정예린,RC-202607-0163.jpg
2026-07-06,하이패스 자동결제,77100,정예린,RC-202607-0164.jpg
2026-07-06,SRT 수서역,84800,정예린,RC-202607-0165.jpg
2026-07-06,하남돼지집 삼성점,432000,정예린,RC-202607-0166.jpg
2026-07-06,한솥도시락 역삼,75500,최민서,RC-202607-0167.jpg
2026-07-06,영풍문고 종로,173900,최민서,RC-202607-0168.jpg
2026-07-06,역삼포차,268000,최민서,RC-202607-0169.jpg
2026-07-06,한우다이닝 청담,285000,최민서,RC-202607-0170.jpg
2026-07-06,다이소 역삼점,16700,한지훈,RC-202607-0171.jpg
2026-07-06,한솥도시락 역삼,86000,한지훈,RC-202607-0172.jpg
2026-07-06,파킹클라우드 역삼,96000,한지훈,RC-202607-0173.jpg
2026-07-06,일렉트로마트 강남,109300,한지훈,RC-202607-0174.jpg
2026-07-06,영풍문고 종로,222600,한지훈,RC-202607-0175.jpg
2026-07-07,알파문구 선릉,31700,강지호,RC-202607-0176.jpg
2026-07-07,하남돼지집 삼성점,200000,강지호,RC-202607-0177.jpg
2026-07-07,본죽 삼성점,50000,김서연,RC-202607-0178.jpg
2026-07-07,한솥도시락 역삼,52500,김서연,RC-202607-0179.jpg
2026-07-07,서브웨이 강남파이낸스,59000,김서연,RC-202607-0180.jpg
2026-07-07,티머니 충전,71500,박도윤,RC-202607-0181.jpg
2026-07-07,김밥천국 역삼점,86000,박도윤,RC-202607-0182.jpg
2026-07-07,김가네 선릉점,8500,서준영,RC-202607-0183.jpg
2026-07-07,서브웨이 강남파이낸스,56000,서준영,RC-202607-0184.jpg
2026-07-07,스타벅스 삼성점,80500,서준영,RC-202607-0185.jpg
2026-07-07,다이소 역삼점,90900,서준영,RC-202607-0186.jpg
2026-07-07,하남돼지집 삼성점,168000,서준영,RC-202607-0187.jpg
2026-07-07,스시조 소공,450000,서준영,RC-202607-0188.jpg
2026-07-07,카카오T 블루,6600,오하은,RC-202607-0189.jpg
2026-07-07,인프런,43400,오하은,RC-202607-0190.jpg
2026-07-07,김가네 선릉점,45000,오하은,RC-202607-0191.jpg
2026-07-07,서울개인택시조합,80000,오하은,RC-202607-0192.jpg
2026-07-07,한우다이닝 청담,532000,오하은,RC-202607-0193.jpg
2026-07-07,SRT 수서역,49600,윤채원,RC-202607-0194.jpg
2026-07-07,한솥도시락 역삼,83500,윤채원,RC-202607-0195.jpg
2026-07-07,하이패스 자동결제,95700,윤채원,RC-202607-0196.jpg
2026-07-07,역삼포차,323000,이하준,RC-202607-0197.jpg
2026-07-07,스시조 소공,612000,이하준,RC-202607-0198.jpg
2026-07-07,다이소 역삼점,31000,임시우,RC-202607-0199.jpg
2026-07-07,한솥도시락 역삼,64500,임시우,RC-202607-0200.jpg
2026-07-07,코레일 서울역,34400,정예린,RC-202607-0201.jpg
2026-07-07,다이소 역삼점,58500,정예린,RC-202607-0202.jpg
2026-07-07,파킹클라우드 역삼,82400,정예린,RC-202607-0203.jpg
2026-07-07,스타벅스 삼성점,7000,조유나,RC-202607-0204.jpg
2026-07-07,티머니 충전,52000,조유나,RC-202607-0205.jpg
2026-07-07,다이소 역삼점,102100,조유나,RC-202607-0206.jpg
2026-07-07,일렉트로마트 강남,111100,조유나,RC-202607-0207.jpg
2026-07-07,베스트웨스턴 구로,132000,조유나,RC-202607-0208.jpg
2026-07-07,이디야커피 역삼점,19500,최민서,RC-202607-0209.jpg
2026-07-07,티머니 충전,48500,최민서,RC-202607-0210.jpg
2026-07-07,미도인 역삼,13000,한지훈,RC-202607-0211.jpg
2026-07-07,김밥천국 역삼점,18000,한지훈,RC-202607-0212.jpg
2026-07-08,티머니 충전,47800,강지호,RC-202607-0213.jpg
2026-07-08,SRT 수서역,50200,강지호,RC-202607-0214.jpg
2026-07-08,명동칼국수 강남점,78500,강지호,RC-202607-0215.jpg
2026-07-08,오피스디포 강남점,87900,강지호,RC-202607-0216.jpg
2026-07-08,이디야커피 역삼점,15000,김서연,RC-202607-0217.jpg
2026-07-08,서브웨이 강남파이낸스,71000,김서연,RC-202607-0218.jpg
2026-07-08,베스트웨스턴 구로,88000,김서연,RC-202607-0219.jpg
2026-07-08,하남돼지집 삼성점,479000,김서연,RC-202607-0220.jpg
2026-07-08,한솥도시락 역삼,12500,박도윤,RC-202607-0221.jpg
2026-07-08,하이패스 자동결제,20200,박도윤,RC-202607-0222.jpg
2026-07-08,한솥도시락 역삼,38500,박도윤,RC-202607-0223.jpg
2026-07-08,하이패스 자동결제,42800,박도윤,RC-202607-0224.jpg
2026-07-08,티머니 충전,48400,박도윤,RC-202607-0225.jpg
2026-07-08,스타벅스 삼성점,57500,박도윤,RC-202607-0226.jpg
2026-07-08,하이패스 자동결제,29500,서준영,RC-202607-0227.jpg
2026-07-08,이디야커피 역삼점,62000,서준영,RC-202607-0228.jpg
2026-07-08,오피스디포 강남점,123000,서준영,RC-202607-0229.jpg
2026-07-08,스타벅스 삼성점,45500,오하은,RC-202607-0230.jpg
2026-07-08,김밥천국 역삼점,77500,오하은,RC-202607-0231.jpg
2026-07-08,김밥천국 역삼점,88000,오하은,RC-202607-0232.jpg
2026-07-08,스타벅스 삼성점,13500,윤채원,RC-202607-0233.jpg
2026-07-08,명동칼국수 강남점,18500,윤채원,RC-202607-0234.jpg
2026-07-08,카카오T 블루,38900,윤채원,RC-202607-0235.jpg
2026-07-08,본죽 삼성점,70500,윤채원,RC-202607-0236.jpg
2026-07-08,한솥도시락 역삼,75500,윤채원,RC-202607-0237.jpg
2026-07-08,코레일 서울역,81600,윤채원,RC-202607-0238.jpg
2026-07-08,스시조 소공,286000,윤채원,RC-202607-0239.jpg
2026-07-08,본죽 삼성점,11500,이하준,RC-202607-0240.jpg
2026-07-08,명동칼국수 강남점,67000,이하준,RC-202607-0241.jpg
2026-07-08,스타벅스 삼성점,25000,임시우,RC-202607-0242.jpg
2026-07-08,미도인 역삼,46500,정예린,RC-202607-0243.jpg
2026-07-08,서울개인택시조합,75700,정예린,RC-202607-0244.jpg
2026-07-08,하이패스 자동결제,61400,조유나,RC-202607-0245.jpg
2026-07-08,하이패스 자동결제,7600,최민서,RC-202607-0246.jpg
2026-07-08,본죽 삼성점,11000,최민서,RC-202607-0247.jpg
2026-07-08,서울개인택시조합,34400,최민서,RC-202607-0248.jpg
2026-07-08,일렉트로마트 강남,63300,최민서,RC-202607-0249.jpg
2026-07-08,SRT 수서역,87100,최민서,RC-202607-0250.jpg
2026-07-08,한솥도시락 역삼,7500,한지훈,RC-202607-0251.jpg
2026-07-08,김밥천국 역삼점,26500,한지훈,RC-202607-0252.jpg
2026-07-08,알파문구 선릉,51800,한지훈,RC-202607-0253.jpg
2026-07-08,하남돼지집 삼성점,334000,한지훈,RC-202607-0254.jpg
2026-07-09,코레일 서울역,8400,강지호,RC-202607-0255.jpg
2026-07-09,쿠팡비즈,24100,강지호,RC-202607-0256.jpg
2026-07-09,김밥천국 역삼점,58500,강지호,RC-202607-0257.jpg
2026-07-09,파킹클라우드 역삼,92400,강지호,RC-202607-0258.jpg
2026-07-09,영풍문고 종로,126400,강지호,RC-202607-0259.jpg
2026-07-09,하남돼지집 삼성점,132000,강지호,RC-202607-0260.jpg
2026-07-09,파킹클라우드 역삼,63000,김서연,RC-202607-0261.jpg
2026-07-09,라마다 대전,95000,김서연,RC-202607-0262.jpg
2026-07-09,호텔현대 울산,108000,김서연,RC-202607-0263.jpg
2026-07-09,투썸플레이스 선릉점,8000,박도윤,RC-202607-0264.jpg
2026-07-09,본죽 삼성점,12500,박도윤,RC-202607-0265.jpg
2026-07-09,카카오T 블루,21400,박도윤,RC-202607-0266.jpg
2026-07-09,다이소 역삼점,38100,박도윤,RC-202607-0267.jpg
2026-07-09,SRT 수서역,41700,박도윤,RC-202607-0268.jpg
2026-07-09,스타벅스 삼성점,80000,박도윤,RC-202607-0269.jpg
2026-07-09,이디야커피 역삼점,86500,박도윤,RC-202607-0270.jpg
2026-07-09,알파문구 선릉,97100,박도윤,RC-202607-0271.jpg
2026-07-09,인프런,195400,박도윤,RC-202607-0272.jpg
2026-07-09,인프런,199800,박도윤,RC-202607-0273.jpg
2026-07-09,투썸플레이스 선릉점,64500,서준영,RC-202607-0274.jpg
2026-07-09,오피스디포 강남점,127600,서준영,RC-202607-0275.jpg
2026-07-09,카카오T 블루,48700,오하은,RC-202607-0276.jpg
2026-07-09,투썸플레이스 선릉점,52500,오하은,RC-202607-0277.jpg
2026-07-09,코레일 서울역,55700,오하은,RC-202607-0278.jpg
2026-07-09,스시조 소공,282000,오하은,RC-202607-0279.jpg
2026-07-09,알라딘 중고서점 강남,312200,오하은,RC-202607-0280.jpg
2026-07-09,이디야커피 역삼점,11500,윤채원,RC-202607-0281.jpg
2026-07-09,카카오T 블루,34700,윤채원,RC-202607-0282.jpg
2026-07-09,이디야커피 역삼점,63500,윤채원,RC-202607-0283.jpg
2026-07-09,다이소 역삼점,126600,윤채원,RC-202607-0284.jpg
2026-07-09,역삼포차,277000,윤채원,RC-202607-0285.jpg
2026-07-09,김가네 선릉점,35500,이하준,RC-202607-0286.jpg
2026-07-09,미도인 역삼,55500,이하준,RC-202607-0287.jpg
2026-07-09,김밥천국 역삼점,74500,이하준,RC-202607-0288.jpg
2026-07-09,알라딘 중고서점 강남,249100,이하준,RC-202607-0289.jpg
2026-07-09,코레일 서울역,31900,임시우,RC-202607-0290.jpg
2026-07-09,하이패스 자동결제,38500,임시우,RC-202607-0291.jpg
2026-07-09,이디야커피 역삼점,40500,임시우,RC-202607-0292.jpg
2026-07-09,스타벅스 삼성점,90500,임시우,RC-202607-0293.jpg
2026-07-09,호텔현대 울산,114000,임시우,RC-202607-0294.jpg
2026-07-09,청담물갈비,410000,임시우,RC-202607-0295.jpg
2026-07-09,오피스디포 강남점,76700,정예린,RC-202607-0296.jpg
2026-07-09,코레일 서울역,13200,조유나,RC-202607-0297.jpg
2026-07-09,광화문곱창 강남,284000,조유나,RC-202607-0298.jpg
2026-07-09,카카오T 블루,50500,최민서,RC-202607-0299.jpg
2026-07-09,서브웨이 강남파이낸스,66500,최민서,RC-202607-0300.jpg
2026-07-09,서울개인택시조합,87400,최민서,RC-202607-0301.jpg
2026-07-09,일렉트로마트 강남,103500,최민서,RC-202607-0302.jpg
2026-07-09,역삼포차,411000,한지훈,RC-202607-0303.jpg
2026-07-10,투썸플레이스 선릉점,34000,강지호,RC-202607-0304.jpg
2026-07-10,코레일 서울역,71300,강지호,RC-202607-0305.jpg
2026-07-10,청담물갈비,177000,강지호,RC-202607-0306.jpg
2026-07-10,삼원가든 신사,391000,강지호,RC-202607-0307.jpg
2026-07-10,본죽 삼성점,54500,김서연,RC-202607-0308.jpg
2026-07-10,서울개인택시조합,80200,박도윤,RC-202607-0309.jpg
2026-07-10,스타벅스 삼성점,92000,박도윤,RC-202607-0310.jpg
2026-07-10,한우다이닝 청담,425000,박도윤,RC-202607-0311.jpg
2026-07-10,한우다이닝 청담,512000,박도윤,RC-202607-0312.jpg
2026-07-10,오피스디포 강남점,6400,서준영,RC-202607-0313.jpg
2026-07-10,파킹클라우드 역삼,43500,서준영,RC-202607-0314.jpg
2026-07-10,카카오T 블루,46100,서준영,RC-202607-0315.jpg
2026-07-10,쿠팡비즈,9800,오하은,RC-202607-0316.jpg
2026-07-10,본죽 삼성점,48500,오하은,RC-202607-0317.jpg
2026-07-10,파킹클라우드 역삼,52500,오하은,RC-202607-0318.jpg
2026-07-10,서브웨이 강남파이낸스,8000,윤채원,RC-202607-0319.jpg
2026-07-10,카카오T 블루,26900,윤채원,RC-202607-0320.jpg
2026-07-10,하이패스 자동결제,46300,윤채원,RC-202607-0321.jpg
2026-07-10,SRT 수서역,72900,윤채원,RC-202607-0322.jpg
2026-07-10,한우다이닝 청담,352000,윤채원,RC-202607-0323.jpg
2026-07-10,파킹클라우드 역삼,20200,이하준,RC-202607-0324.jpg
2026-07-10,김가네 선릉점,29500,이하준,RC-202607-0325.jpg
2026-07-10,코레일 서울역,80400,이하준,RC-202607-0326.jpg
2026-07-10,한우다이닝 청담,546000,이하준,RC-202607-0327.jpg
2026-07-10,명동칼국수 강남점,29000,임시우,RC-202607-0328.jpg
2026-07-10,오피스디포 강남점,65100,임시우,RC-202607-0329.jpg
2026-07-10,다이소 역삼점,111000,임시우,RC-202607-0330.jpg
2026-07-10,하이패스 자동결제,68100,정예린,RC-202607-0331.jpg
2026-07-10,알라딘 중고서점 강남,202800,정예린,RC-202607-0332.jpg
2026-07-10,오피스디포 강남점,26200,조유나,RC-202607-0333.jpg
2026-07-10,본죽 삼성점,37000,조유나,RC-202607-0334.jpg
2026-07-10,스타벅스 삼성점,67000,조유나,RC-202607-0335.jpg
2026-07-10,명동칼국수 강남점,78000,조유나,RC-202607-0336.jpg
2026-07-10,스타벅스 삼성점,43500,최민서,RC-202607-0337.jpg
2026-07-10,서브웨이 강남파이낸스,59500,최민서,RC-202607-0338.jpg
2026-07-10,한솥도시락 역삼,69500,최민서,RC-202607-0339.jpg
2026-07-10,일렉트로마트 강남,27700,한지훈,RC-202607-0340.jpg
2026-07-10,코레일 서울역,44900,한지훈,RC-202607-0341.jpg
2026-07-10,스타벅스 삼성점,87000,한지훈,RC-202607-0342.jpg
2026-07-10,청담물갈비,186000,한지훈,RC-202607-0343.jpg
2026-07-10,역삼포차,214000,한지훈,RC-202607-0344.jpg
2026-07-11,김가네 선릉점,18000,서준영,RC-202607-0345.jpg
2026-07-11,알파문구 선릉,78600,윤채원,RC-202607-0346.jpg
2026-07-11,하남돼지집 삼성점,471000,윤채원,RC-202607-0347.jpg
2026-07-11,알파문구 선릉,117500,조유나,RC-202607-0348.jpg
2026-07-11,SRT 수서역,80700,한지훈,RC-202607-0349.jpg
2026-07-11,코레일 서울역,93500,한지훈,RC-202607-0350.jpg
2026-07-12,SRT 수서역,22300,강지호,RC-202607-0351.jpg
2026-07-12,명동칼국수 강남점,67000,오하은,RC-202607-0352.jpg
2026-07-12,쿠팡비즈,52100,윤채원,RC-202607-0353.jpg
2026-07-13,티머니 충전,90300,강지호,RC-202607-0354.jpg
2026-07-13,쿠팡비즈,122400,강지호,RC-202607-0355.jpg
2026-07-13,명동칼국수 강남점,21000,김서연,RC-202607-0356.jpg
2026-07-13,이디야커피 역삼점,64500,김서연,RC-202607-0357.jpg
2026-07-13,교보문고 광화문,216200,김서연,RC-202607-0358.jpg
2026-07-13,인프런,324700,김서연,RC-202607-0359.jpg
2026-07-13,서브웨이 강남파이낸스,16500,박도윤,RC-202607-0360.jpg
2026-07-13,미도인 역삼,84000,박도윤,RC-202607-0361.jpg
2026-07-13,교보문고 광화문,150400,박도윤,RC-202607-0362.jpg
2026-07-13,알파문구 선릉,54400,서준영,RC-202607-0363.jpg
2026-07-13,SRT 수서역,10600,오하은,RC-202607-0364.jpg
2026-07-13,미도인 역삼,50500,오하은,RC-202607-0365.jpg
2026-07-13,신라스테이 역삼,117000,오하은,RC-202607-0366.jpg
2026-07-13,라마다 대전,125000,오하은,RC-202607-0367.jpg
2026-07-13,스타벅스 삼성점,32500,윤채원,RC-202607-0368.jpg
2026-07-13,파킹클라우드 역삼,62100,윤채원,RC-202607-0369.jpg
2026-07-13,스타벅스 삼성점,71500,윤채원,RC-202607-0370.jpg
2026-07-13,코레일 서울역,75800,윤채원,RC-202607-0371.jpg
2026-07-13,SRT 수서역,87800,윤채원,RC-202607-0372.jpg
2026-07-13,하이패스 자동결제,88100,윤채원,RC-202607-0373.jpg
2026-07-13,영풍문고 종로,180000,윤채원,RC-202607-0374.jpg
2026-07-13,교보문고 광화문,213900,윤채원,RC-202607-0375.jpg
2026-07-13,인프런,322800,윤채원,RC-202607-0376.jpg
2026-07-13,일렉트로마트 강남,15000,이하준,RC-202607-0377.jpg
2026-07-13,일렉트로마트 강남,75700,이하준,RC-202607-0378.jpg
2026-07-13,투썸플레이스 선릉점,9500,임시우,RC-202607-0379.jpg
2026-07-13,서브웨이 강남파이낸스,27000,임시우,RC-202607-0380.jpg
2026-07-13,본죽 삼성점,68500,임시우,RC-202607-0381.jpg
2026-07-13,본죽 삼성점,76000,임시우,RC-202607-0382.jpg
2026-07-13,스타벅스 삼성점,80500,임시우,RC-202607-0383.jpg
2026-07-13,미도인 역삼,88000,임시우,RC-202607-0384.jpg
2026-07-13,알파문구 선릉,133500,임시우,RC-202607-0385.jpg
2026-07-13,하남돼지집 삼성점,301000,임시우,RC-202607-0386.jpg
2026-07-13,티머니 충전,33200,정예린,RC-202607-0387.jpg
2026-07-13,이디야커피 역삼점,49500,정예린,RC-202607-0388.jpg
2026-07-13,미도인 역삼,56500,정예린,RC-202607-0389.jpg
2026-07-13,서브웨이 강남파이낸스,63000,정예린,RC-202607-0390.jpg
2026-07-13,오피스디포 강남점,120700,정예린,RC-202607-0391.jpg
2026-07-13,삼원가든 신사,564000,정예린,RC-202607-0392.jpg
2026-07-13,스타벅스 삼성점,21000,조유나,RC-202607-0393.jpg
2026-07-13,다이소 역삼점,24500,조유나,RC-202607-0394.jpg
2026-07-13,티머니 충전,72100,조유나,RC-202607-0395.jpg
2026-07-13,투썸플레이스 선릉점,89500,조유나,RC-202607-0396.jpg
2026-07-13,인프런,109200,조유나,RC-202607-0397.jpg
2026-07-13,쿠팡비즈,115000,조유나,RC-202607-0398.jpg
2026-07-13,스시조 소공,515000,조유나,RC-202607-0399.jpg
2026-07-13,투썸플레이스 선릉점,8500,최민서,RC-202607-0400.jpg
2026-07-13,파킹클라우드 역삼,29300,최민서,RC-202607-0401.jpg
2026-07-13,김가네 선릉점,54000,최민서,RC-202607-0402.jpg
2026-07-13,이디야커피 역삼점,63500,최민서,RC-202607-0403.jpg
2026-07-13,삼원가든 신사,245000,최민서,RC-202607-0404.jpg
2026-07-13,스시조 소공,503000,한지훈,RC-202607-0405.jpg
2026-07-14,투썸플레이스 선릉점,30500,김서연,RC-202607-0406.jpg
2026-07-14,하이패스 자동결제,42200,김서연,RC-202607-0407.jpg
2026-07-14,청담물갈비,222000,김서연,RC-202607-0408.jpg
2026-07-14,투썸플레이스 선릉점,17000,박도윤,RC-202607-0409.jpg
2026-07-14,투썸플레이스 선릉점,41000,오하은,RC-202607-0410.jpg
2026-07-14,서브웨이 강남파이낸스,42500,오하은,RC-202607-0411.jpg
2026-07-14,서울개인택시조합,94400,오하은,RC-202607-0412.jpg
2026-07-14,라마다 대전,101000,오하은,RC-202607-0413.jpg
2026-07-14,스타벅스 삼성점,42500,윤채원,RC-202607-0414.jpg
2026-07-14,이디야커피 역삼점,68000,윤채원,RC-202607-0415.jpg
2026-07-14,일렉트로마트 강남,95500,윤채원,RC-202607-0416.jpg
2026-07-14,베스트웨스턴 구로,137000,윤채원,RC-202607-0417.jpg
2026-07-14,라마다 대전,139000,윤채원,RC-202607-0418.jpg
2026-07-14,투썸플레이스 선릉점,22000,이하준,RC-202607-0419.jpg
2026-07-14,이디야커피 역삼점,49500,이하준,RC-202607-0420.jpg
2026-07-14,파킹클라우드 역삼,88000,이하준,RC-202607-0421.jpg
2026-07-14,한솥도시락 역삼,90000,이하준,RC-202607-0422.jpg
2026-07-14,교보문고 광화문,16700,임시우,RC-202607-0423.jpg
2026-07-14,코레일 서울역,30600,임시우,RC-202607-0424.jpg
2026-07-14,하이패스 자동결제,47800,임시우,RC-202607-0425.jpg
2026-07-14,명동칼국수 강남점,55500,임시우,RC-202607-0426.jpg
2026-07-14,쿠팡비즈,42600,정예린,RC-202607-0427.jpg
2026-07-14,스타벅스 삼성점,58500,정예린,RC-202607-0428.jpg
2026-07-14,하이패스 자동결제,69500,정예린,RC-202607-0429.jpg
2026-07-14,라마다 대전,92000,정예린,RC-202607-0430.jpg
2026-07-14,본죽 삼성점,42000,조유나,RC-202607-0431.jpg
2026-07-14,코레일 서울역,14300,최민서,RC-202607-0432.jpg
2026-07-14,파킹클라우드 역삼,79500,최민서,RC-202607-0433.jpg
2026-07-14,쿠팡비즈,133100,최민서,RC-202607-0434.jpg
2026-07-14,본죽 삼성점,88500,한지훈,RC-202607-0435.jpg
2026-07-15,미도인 역삼,61500,강지호,RC-202607-0436.jpg
2026-07-15,쿠팡비즈,77800,강지호,RC-202607-0437.jpg
2026-07-15,본죽 삼성점,85000,강지호,RC-202607-0438.jpg
2026-07-15,교보문고 광화문,145200,강지호,RC-202607-0439.jpg
2026-07-15,알라딘 중고서점 강남,169200,강지호,RC-202607-0440.jpg
2026-07-15,본죽 삼성점,28000,김서연,RC-202607-0441.jpg
2026-07-15,한우다이닝 청담,613000,김서연,RC-202607-0442.jpg
2026-07-15,서브웨이 강남파이낸스,26000,박도윤,RC-202607-0443.jpg
2026-07-15,투썸플레이스 선릉점,43000,박도윤,RC-202607-0444.jpg
2026-07-15,한솥도시락 역삼,72000,박도윤,RC-202607-0445.jpg
2026-07-15,쿠팡비즈,93400,박도윤,RC-202607-0446.jpg
2026-07-15,알파문구 선릉,105400,박도윤,RC-202607-0447.jpg
2026-07-15,신라스테이 역삼,130000,박도윤,RC-202607-0448.jpg
2026-07-15,교보문고 광화문,265200,서준영,RC-202607-0449.jpg
2026-07-15,김가네 선릉점,26000,오하은,RC-202607-0450.jpg
2026-07-15,SRT 수서역,57700,오하은,RC-202607-0451.jpg
2026-07-15,카카오T 블루,77600,오하은,RC-202607-0452.jpg
2026-07-15,스타벅스 삼성점,20000,이하준,RC-202607-0453.jpg
2026-07-15,명동칼국수 강남점,28000,이하준,RC-202607-0454.jpg
2026-07-15,쿠팡비즈,69400,이하준,RC-202607-0455.jpg
2026-07-15,영풍문고 종로,199500,이하준,RC-202607-0456.jpg
2026-07-15,김밥천국 역삼점,21000,정예린,RC-202607-0457.jpg
2026-07-15,투썸플레이스 선릉점,23500,정예린,RC-202607-0458.jpg
2026-07-15,코레일 서울역,95000,정예린,RC-202607-0459.jpg
2026-07-15,역삼포차,206000,정예린,RC-202607-0460.jpg
2026-07-15,광화문곱창 강남,449000,정예린,RC-202607-0461.jpg
2026-07-15,카카오T 블루,35000,조유나,RC-202607-0462.jpg
2026-07-15,하이패스 자동결제,52700,조유나,RC-202607-0463.jpg
2026-07-15,하이패스 자동결제,55800,조유나,RC-202607-0464.jpg
2026-07-15,라마다 대전,96000,조유나,RC-202607-0465.jpg
2026-07-15,베스트웨스턴 구로,109000,조유나,RC-202607-0466.jpg
2026-07-15,영풍문고 종로,264900,조유나,RC-202607-0467.jpg
2026-07-15,신라스테이 역삼,168000,최민서,RC-202607-0468.jpg
2026-07-15,미도인 역삼,20500,한지훈,RC-202607-0469.jpg
2026-07-15,하이패스 자동결제,76600,한지훈,RC-202607-0470.jpg
2026-07-15,카카오T 블루,80600,한지훈,RC-202607-0471.jpg
2026-07-15,호텔현대 울산,115000,한지훈,RC-202607-0472.jpg
2026-07-16,미도인 역삼,17000,강지호,RC-202607-0473.jpg
2026-07-16,인프런,32600,강지호,RC-202607-0474.jpg
2026-07-16,명동칼국수 강남점,33500,강지호,RC-202607-0475.jpg
2026-07-16,티머니 충전,34000,강지호,RC-202607-0476.jpg
2026-07-16,김가네 선릉점,56000,강지호,RC-202607-0477.jpg
2026-07-16,하이패스 자동결제,65800,강지호,RC-202607-0478.jpg
2026-07-16,투썸플레이스 선릉점,70000,강지호,RC-202607-0479.jpg
2026-07-16,김밥천국 역삼점,9000,김서연,RC-202607-0480.jpg
2026-07-16,스시조 소공,611000,김서연,RC-202607-0481.jpg
2026-07-16,김가네 선릉점,20000,박도윤,RC-202607-0482.jpg
2026-07-16,파킹클라우드 역삼,20200,박도윤,RC-202607-0483.jpg
2026-07-16,교보문고 광화문,175600,박도윤,RC-202607-0484.jpg
2026-07-16,한우다이닝 청담,254000,박도윤,RC-202607-0485.jpg
2026-07-16,이디야커피 역삼점,67000,서준영,RC-202607-0486.jpg
2026-07-16,일렉트로마트 강남,50600,오하은,RC-202607-0487.jpg
2026-07-16,스타벅스 삼성점,82500,오하은,RC-202607-0488.jpg
2026-07-16,라마다 대전,134000,오하은,RC-202607-0489.jpg
2026-07-16,이디야커피 역삼점,46500,윤채원,RC-202607-0490.jpg
2026-07-16,한솥도시락 역삼,53000,윤채원,RC-202607-0491.jpg
2026-07-16,영풍문고 종로,58100,윤채원,RC-202607-0492.jpg
2026-07-16,미도인 역삼,37000,임시우,RC-202607-0493.jpg
2026-07-16,투썸플레이스 선릉점,51000,임시우,RC-202607-0494.jpg
2026-07-16,투썸플레이스 선릉점,53000,임시우,RC-202607-0495.jpg
2026-07-16,다이소 역삼점,18400,정예린,RC-202607-0496.jpg
2026-07-16,명동칼국수 강남점,44000,조유나,RC-202607-0497.jpg
2026-07-16,일렉트로마트 강남,7100,최민서,RC-202607-0498.jpg
2026-07-16,스타벅스 삼성점,8500,최민서,RC-202607-0499.jpg
2026-07-16,코레일 서울역,13800,최민서,RC-202607-0500.jpg
2026-07-16,다이소 역삼점,119200,최민서,RC-202607-0501.jpg
2026-07-16,역삼포차,190000,최민서,RC-202607-0502.jpg
2026-07-16,이디야커피 역삼점,31500,한지훈,RC-202607-0503.jpg
2026-07-16,투썸플레이스 선릉점,34000,한지훈,RC-202607-0504.jpg
2026-07-16,본죽 삼성점,36500,한지훈,RC-202607-0505.jpg
2026-07-16,알파문구 선릉,42800,한지훈,RC-202607-0506.jpg
2026-07-16,파킹클라우드 역삼,55400,한지훈,RC-202607-0507.jpg
2026-07-16,알라딘 중고서점 강남,210200,한지훈,RC-202607-0508.jpg
2026-07-17,다이소 역삼점,7300,강지호,RC-202607-0509.jpg
2026-07-17,카카오T 블루,24200,강지호,RC-202607-0510.jpg
2026-07-17,서울개인택시조합,67400,강지호,RC-202607-0511.jpg
2026-07-17,스타벅스 삼성점,72000,강지호,RC-202607-0512.jpg
2026-07-17,영풍문고 종로,259800,강지호,RC-202607-0513.jpg
2026-07-17,일렉트로마트 강남,28600,김서연,RC-202607-0514.jpg
2026-07-17,SRT 수서역,33600,김서연,RC-202607-0515.jpg
2026-07-17,한솥도시락 역삼,64500,김서연,RC-202607-0516.jpg
2026-07-17,본죽 삼성점,67000,김서연,RC-202607-0517.jpg
2026-07-17,스타벅스 삼성점,80000,김서연,RC-202607-0518.jpg
2026-07-17,쿠팡비즈,135600,김서연,RC-202607-0519.jpg
2026-07-17,본죽 삼성점,11000,박도윤,RC-202607-0520.jpg
2026-07-17,본죽 삼성점,40000,박도윤,RC-202607-0521.jpg
2026-07-17,김밥천국 역삼점,47500,박도윤,RC-202607-0522.jpg
2026-07-17,서울개인택시조합,91600,박도윤,RC-202607-0523.jpg
2026-07-17,다이소 역삼점,116600,박도윤,RC-202607-0524.jpg
2026-07-17,카카오T 블루,34100,서준영,RC-202607-0525.jpg
2026-07-17,이디야커피 역삼점,59500,서준영,RC-202607-0526.jpg
2026-07-17,역삼포차,199000,서준영,RC-202607-0527.jpg
2026-07-17,본죽 삼성점,36500,오하은,RC-202607-0528.jpg
2026-07-17,한솥도시락 역삼,80000,오하은,RC-202607-0529.jpg
2026-07-17,김가네 선릉점,42000,윤채원,RC-202607-0530.jpg
2026-07-17,하이패스 자동결제,51700,윤채원,RC-202607-0531.jpg
2026-07-17,본죽 삼성점,59000,윤채원,RC-202607-0532.jpg
2026-07-17,코레일 서울역,79100,윤채원,RC-202607-0533.jpg
2026-07-17,미도인 역삼,88000,윤채원,RC-202607-0534.jpg
2026-07-17,신라스테이 역삼,88000,윤채원,RC-202607-0535.jpg
2026-07-17,삼원가든 신사,346000,윤채원,RC-202607-0536.jpg
2026-07-17,김가네 선릉점,11500,이하준,RC-202607-0537.jpg
2026-07-17,김밥천국 역삼점,39000,이하준,RC-202607-0538.jpg
2026-07-17,광화문곱창 강남,177000,이하준,RC-202607-0539.jpg
2026-07-17,청담물갈비,201000,이하준,RC-202607-0540.jpg
2026-07-17,이디야커피 역삼점,11000,임시우,RC-202607-0541.jpg
2026-07-17,파킹클라우드 역삼,45900,임시우,RC-202607-0542.jpg
2026-07-17,신라스테이 역삼,132000,임시우,RC-202607-0543.jpg
2026-07-17,본죽 삼성점,26500,정예린,RC-202607-0544.jpg
2026-07-17,이디야커피 역삼점,58500,정예린,RC-202607-0545.jpg
2026-07-17,서브웨이 강남파이낸스,86000,정예린,RC-202607-0546.jpg
2026-07-17,한솥도시락 역삼,52500,최민서,RC-202607-0547.jpg
2026-07-17,역삼포차,185000,최민서,RC-202607-0548.jpg
2026-07-17,스타벅스 삼성점,17000,한지훈,RC-202607-0549.jpg
2026-07-17,본죽 삼성점,47500,한지훈,RC-202607-0550.jpg
2026-07-18,김밥천국 역삼점,45500,강지호,RC-202607-0551.jpg
2026-07-18,파킹클라우드 역삼,62900,김서연,RC-202607-0552.jpg
2026-07-18,하남돼지집 삼성점,254000,오하은,RC-202607-0553.jpg
2026-07-18,코레일 서울역,49400,임시우,RC-202607-0554.jpg
2026-07-18,투썸플레이스 선릉점,85000,조유나,RC-202607-0555.jpg
2026-07-18,한솥도시락 역삼,80500,최민서,RC-202607-0556.jpg
2026-07-19,신라스테이 역삼,102000,강지호,RC-202607-0557.jpg
2026-07-19,역삼포차,441000,김서연,RC-202607-0558.jpg
2026-07-19,SRT 수서역,65500,박도윤,RC-202607-0559.jpg
2026-07-19,쿠팡비즈,84200,박도윤,RC-202607-0560.jpg
2026-07-19,카카오T 블루,55700,서준영,RC-202607-0561.jpg
2026-07-19,서브웨이 강남파이낸스,73500,이하준,RC-202607-0562.jpg
2026-07-19,한솥도시락 역삼,57500,임시우,RC-202607-0563.jpg
2026-07-19,신라스테이 역삼,132000,임시우,RC-202607-0564.jpg
2026-07-19,코레일 서울역,21800,조유나,RC-202607-0565.jpg
2026-07-20,알파문구 선릉,52800,강지호,RC-202607-0566.jpg
2026-07-20,서브웨이 강남파이낸스,74000,강지호,RC-202607-0567.jpg
2026-07-20,일렉트로마트 강남,133900,강지호,RC-202607-0568.jpg
2026-07-20,삼원가든 신사,196000,강지호,RC-202607-0569.jpg
2026-07-20,스시조 소공,426000,강지호,RC-202607-0570.jpg
2026-07-20,카카오T 블루,4000,김서연,RC-202607-0571.jpg
2026-07-20,김가네 선릉점,58000,김서연,RC-202607-0572.jpg
2026-07-20,서브웨이 강남파이낸스,60500,김서연,RC-202607-0573.jpg
2026-07-20,일렉트로마트 강남,96500,김서연,RC-202607-0574.jpg
2026-07-20,티머니 충전,3300,박도윤,RC-202607-0575.jpg
2026-07-20,티머니 충전,11900,박도윤,RC-202607-0576.jpg
2026-07-20,서브웨이 강남파이낸스,18500,박도윤,RC-202607-0577.jpg
2026-07-20,스타벅스 삼성점,36000,박도윤,RC-202607-0578.jpg
2026-07-20,코레일 서울역,55700,박도윤,RC-202607-0579.jpg
2026-07-20,일렉트로마트 강남,76900,박도윤,RC-202607-0580.jpg
2026-07-20,투썸플레이스 선릉점,80000,박도윤,RC-202607-0581.jpg
2026-07-20,역삼포차,314000,박도윤,RC-202607-0582.jpg
2026-07-20,오피스디포 강남점,24100,서준영,RC-202607-0583.jpg
2026-07-20,본죽 삼성점,32500,서준영,RC-202607-0584.jpg
2026-07-20,알파문구 선릉,37000,서준영,RC-202607-0585.jpg
2026-07-20,서브웨이 강남파이낸스,41000,서준영,RC-202607-0586.jpg
2026-07-20,알파문구 선릉,81100,서준영,RC-202607-0587.jpg
2026-07-20,청담물갈비,243000,서준영,RC-202607-0588.jpg
2026-07-20,다이소 역삼점,56600,오하은,RC-202607-0589.jpg
2026-07-20,김가네 선릉점,71500,오하은,RC-202607-0590.jpg
2026-07-20,서브웨이 강남파이낸스,91500,오하은,RC-202607-0591.jpg
2026-07-20,라마다 대전,95000,오하은,RC-202607-0592.jpg
2026-07-20,삼원가든 신사,198000,오하은,RC-202607-0593.jpg
2026-07-20,스타벅스 삼성점,42000,이하준,RC-202607-0594.jpg
2026-07-20,SRT 수서역,47600,이하준,RC-202607-0595.jpg
2026-07-20,이디야커피 역삼점,38500,임시우,RC-202607-0596.jpg
2026-07-20,김밥천국 역삼점,12000,정예린,RC-202607-0597.jpg
2026-07-20,하이패스 자동결제,52300,정예린,RC-202607-0598.jpg
2026-07-20,한솥도시락 역삼,56500,정예린,RC-202607-0599.jpg
2026-07-20,영풍문고 종로,138400,정예린,RC-202607-0600.jpg
2026-07-20,한솥도시락 역삼,11500,조유나,RC-202607-0601.jpg
2026-07-20,미도인 역삼,51000,조유나,RC-202607-0602.jpg
2026-07-20,SRT 수서역,65700,조유나,RC-202607-0603.jpg
2026-07-20,미도인 역삼,79000,조유나,RC-202607-0604.jpg
2026-07-20,역삼포차,166000,조유나,RC-202607-0605.jpg
2026-07-20,역삼포차,381000,조유나,RC-202607-0606.jpg
2026-07-20,알파문구 선릉,48500,최민서,RC-202607-0607.jpg
2026-07-20,투썸플레이스 선릉점,88500,최민서,RC-202607-0608.jpg
2026-07-20,스타벅스 삼성점,23000,한지훈,RC-202607-0609.jpg
2026-07-20,역삼포차,153000,한지훈,RC-202607-0610.jpg
2026-07-21,파킹클라우드 역삼,16200,강지호,RC-202607-0611.jpg
2026-07-21,쿠팡비즈,55000,강지호,RC-202607-0612.jpg
2026-07-21,스타벅스 삼성점,87000,강지호,RC-202607-0613.jpg
2026-07-21,SRT 수서역,12800,김서연,RC-202607-0614.jpg
2026-07-21,김가네 선릉점,18000,김서연,RC-202607-0615.jpg
2026-07-21,김밥천국 역삼점,41500,김서연,RC-202607-0616.jpg
2026-07-21,인프런,121100,김서연,RC-202607-0617.jpg
2026-07-21,영풍문고 종로,274000,김서연,RC-202607-0618.jpg
2026-07-21,김밥천국 역삼점,14000,박도윤,RC-202607-0619.jpg
2026-07-21,투썸플레이스 선릉점,29000,박도윤,RC-202607-0620.jpg
2026-07-21,청담물갈비,221000,박도윤,RC-202607-0621.jpg
2026-07-21,SRT 수서역,3700,서준영,RC-202607-0622.jpg
2026-07-21,코레일 서울역,20100,서준영,RC-202607-0623.jpg
2026-07-21,서브웨이 강남파이낸스,47500,서준영,RC-202607-0624.jpg
2026-07-21,티머니 충전,73900,서준영,RC-202607-0625.jpg
2026-07-21,청담물갈비,294000,서준영,RC-202607-0626.jpg
2026-07-21,광화문곱창 강남,339000,서준영,RC-202607-0627.jpg
2026-07-21,청담물갈비,340000,서준영,RC-202607-0628.jpg
2026-07-21,이디야커피 역삼점,39500,오하은,RC-202607-0629.jpg
2026-07-21,영풍문고 종로,146700,오하은,RC-202607-0630.jpg
2026-07-21,호텔현대 울산,153000,오하은,RC-202607-0631.jpg
2026-07-21,청담물갈비,267000,오하은,RC-202607-0632.jpg
2026-07-21,투썸플레이스 선릉점,48000,윤채원,RC-202607-0633.jpg
2026-07-21,호텔현대 울산,122000,윤채원,RC-202607-0634.jpg
2026-07-21,본죽 삼성점,15000,이하준,RC-202607-0635.jpg
2026-07-21,한우다이닝 청담,276000,이하준,RC-202607-0636.jpg
2026-07-21,삼원가든 신사,522000,이하준,RC-202607-0637.jpg
2026-07-21,한솥도시락 역삼,66500,임시우,RC-202607-0638.jpg
2026-07-21,SRT 수서역,90800,임시우,RC-202607-0639.jpg
2026-07-21,하남돼지집 삼성점,438000,임시우,RC-202607-0640.jpg
2026-07-21,김가네 선릉점,11500,정예린,RC-202607-0641.jpg
2026-07-21,김가네 선릉점,51000,정예린,RC-202607-0642.jpg
2026-07-21,투썸플레이스 선릉점,54500,최민서,RC-202607-0643.jpg
2026-07-21,한솥도시락 역삼,69000,최민서,RC-202607-0644.jpg
2026-07-21,삼원가든 신사,330000,최민서,RC-202607-0645.jpg
2026-07-21,하이패스 자동결제,24400,한지훈,RC-202607-0646.jpg
2026-07-21,서울개인택시조합,37000,한지훈,RC-202607-0647.jpg
2026-07-21,코레일 서울역,52900,한지훈,RC-202607-0648.jpg
2026-07-21,쿠팡비즈,112300,한지훈,RC-202607-0649.jpg
2026-07-22,파킹클라우드 역삼,79400,강지호,RC-202607-0650.jpg
2026-07-22,코레일 서울역,4200,김서연,RC-202607-0651.jpg
2026-07-22,파킹클라우드 역삼,86700,김서연,RC-202607-0652.jpg
2026-07-22,영풍문고 종로,216300,김서연,RC-202607-0653.jpg
2026-07-22,인프런,317500,김서연,RC-202607-0654.jpg
2026-07-22,서브웨이 강남파이낸스,31000,박도윤,RC-202607-0655.jpg
2026-07-22,하이패스 자동결제,34800,박도윤,RC-202607-0656.jpg
2026-07-22,투썸플레이스 선릉점,46000,박도윤,RC-202607-0657.jpg
2026-07-22,베스트웨스턴 구로,130000,박도윤,RC-202607-0658.jpg
2026-07-22,인프런,273600,박도윤,RC-202607-0659.jpg
2026-07-22,본죽 삼성점,63000,서준영,RC-202607-0660.jpg
2026-07-22,코레일 서울역,85400,서준영,RC-202607-0661.jpg
2026-07-22,청담물갈비,330000,서준영,RC-202607-0662.jpg
2026-07-22,카카오T 블루,9600,오하은,RC-202607-0663.jpg
2026-07-22,명동칼국수 강남점,32500,오하은,RC-202607-0664.jpg
2026-07-22,카카오T 블루,61100,오하은,RC-202607-0665.jpg
2026-07-22,SRT 수서역,61400,오하은,RC-202607-0666.jpg
2026-07-22,서브웨이 강남파이낸스,66500,오하은,RC-202607-0667.jpg
2026-07-22,다이소 역삼점,84300,오하은,RC-202607-0668.jpg
2026-07-22,티머니 충전,90100,오하은,RC-202607-0669.jpg
2026-07-22,카카오T 블루,93400,오하은,RC-202607-0670.jpg
2026-07-22,인프런,125000,오하은,RC-202607-0671.jpg
2026-07-22,미도인 역삼,56500,윤채원,RC-202607-0672.jpg
2026-07-22,이디야커피 역삼점,62000,윤채원,RC-202607-0673.jpg
2026-07-22,하이패스 자동결제,74000,윤채원,RC-202607-0674.jpg
2026-07-22,역삼포차,358000,윤채원,RC-202607-0675.jpg
2026-07-22,하이패스 자동결제,32900,이하준,RC-202607-0676.jpg
2026-07-22,한솥도시락 역삼,58000,이하준,RC-202607-0677.jpg
2026-07-22,파킹클라우드 역삼,60900,이하준,RC-202607-0678.jpg
2026-07-22,SRT 수서역,68600,이하준,RC-202607-0679.jpg
2026-07-22,김밥천국 역삼점,70000,이하준,RC-202607-0680.jpg
2026-07-22,한솥도시락 역삼,14000,임시우,RC-202607-0681.jpg
2026-07-22,김밥천국 역삼점,32500,임시우,RC-202607-0682.jpg
2026-07-22,이디야커피 역삼점,49000,정예린,RC-202607-0683.jpg
2026-07-22,투썸플레이스 선릉점,82000,정예린,RC-202607-0684.jpg
2026-07-22,미도인 역삼,10000,조유나,RC-202607-0685.jpg
2026-07-22,일렉트로마트 강남,14700,조유나,RC-202607-0686.jpg
2026-07-22,한솥도시락 역삼,15000,조유나,RC-202607-0687.jpg
2026-07-22,하이패스 자동결제,16800,조유나,RC-202607-0688.jpg
2026-07-22,투썸플레이스 선릉점,25000,조유나,RC-202607-0689.jpg
2026-07-22,본죽 삼성점,38000,조유나,RC-202607-0690.jpg
2026-07-22,이디야커피 역삼점,66500,조유나,RC-202607-0691.jpg
2026-07-22,다이소 역삼점,120700,조유나,RC-202607-0692.jpg
2026-07-22,광화문곱창 강남,273000,조유나,RC-202607-0693.jpg
2026-07-22,삼원가든 신사,318000,조유나,RC-202607-0694.jpg
2026-07-22,삼원가든 신사,593000,조유나,RC-202607-0695.jpg
2026-07-22,티머니 충전,7500,최민서,RC-202607-0696.jpg
2026-07-22,스타벅스 삼성점,13500,최민서,RC-202607-0697.jpg
2026-07-22,파킹클라우드 역삼,51800,최민서,RC-202607-0698.jpg
2026-07-22,투썸플레이스 선릉점,52000,최민서,RC-202607-0699.jpg
2026-07-22,일렉트로마트 강남,64400,최민서,RC-202607-0700.jpg
2026-07-22,SRT 수서역,39100,한지훈,RC-202607-0701.jpg
2026-07-22,호텔현대 울산,127000,한지훈,RC-202607-0702.jpg
2026-07-22,교보문고 광화문,223600,한지훈,RC-202607-0703.jpg
2026-07-23,코레일 서울역,70600,강지호,RC-202607-0704.jpg
2026-07-23,일렉트로마트 강남,100500,강지호,RC-202607-0705.jpg
2026-07-23,카카오T 블루,31600,김서연,RC-202607-0706.jpg
2026-07-23,알파문구 선릉,90200,박도윤,RC-202607-0707.jpg
2026-07-23,코레일 서울역,17100,서준영,RC-202607-0708.jpg
2026-07-23,서브웨이 강남파이낸스,56000,서준영,RC-202607-0709.jpg
2026-07-23,서브웨이 강남파이낸스,64500,서준영,RC-202607-0710.jpg
2026-07-23,다이소 역삼점,127200,서준영,RC-202607-0711.jpg
2026-07-23,스시조 소공,389000,서준영,RC-202607-0712.jpg
2026-07-23,SRT 수서역,22200,오하은,RC-202607-0713.jpg
2026-07-23,파킹클라우드 역삼,22600,오하은,RC-202607-0714.jpg
2026-07-23,하이패스 자동결제,84500,오하은,RC-202607-0715.jpg
2026-07-23,교보문고 광화문,181000,오하은,RC-202607-0716.jpg
2026-07-23,김가네 선릉점,8000,윤채원,RC-202607-0717.jpg
2026-07-23,한솥도시락 역삼,57000,윤채원,RC-202607-0718.jpg
2026-07-23,스시조 소공,473000,윤채원,RC-202607-0719.jpg
2026-07-23,호텔현대 울산,133000,이하준,RC-202607-0720.jpg
2026-07-23,쿠팡비즈,28500,임시우,RC-202607-0721.jpg
2026-07-23,한솥도시락 역삼,42000,임시우,RC-202607-0722.jpg
2026-07-23,서울개인택시조합,47600,임시우,RC-202607-0723.jpg
2026-07-23,티머니 충전,55900,임시우,RC-202607-0724.jpg
2026-07-23,김밥천국 역삼점,75000,임시우,RC-202607-0725.jpg
2026-07-23,역삼포차,172000,임시우,RC-202607-0726.jpg
2026-07-23,역삼포차,196000,임시우,RC-202607-0727.jpg
2026-07-23,스시조 소공,202000,임시우,RC-202607-0728.jpg
2026-07-23,한솥도시락 역삼,43500,정예린,RC-202607-0729.jpg
2026-07-23,신라스테이 역삼,147000,정예린,RC-202607-0730.jpg
2026-07-23,서브웨이 강남파이낸스,13500,조유나,RC-202607-0731.jpg
2026-07-23,스타벅스 삼성점,19000,조유나,RC-202607-0732.jpg
2026-07-23,본죽 삼성점,22500,조유나,RC-202607-0733.jpg
2026-07-23,파킹클라우드 역삼,83300,조유나,RC-202607-0734.jpg
2026-07-23,이디야커피 역삼점,29500,최민서,RC-202607-0735.jpg
2026-07-23,쿠팡비즈,110800,최민서,RC-202607-0736.jpg
2026-07-23,쿠팡비즈,32000,한지훈,RC-202607-0737.jpg
2026-07-24,본죽 삼성점,8000,강지호,RC-202607-0738.jpg
2026-07-24,파킹클라우드 역삼,42600,강지호,RC-202607-0739.jpg
2026-07-24,하이패스 자동결제,49300,강지호,RC-202607-0740.jpg
2026-07-24,일렉트로마트 강남,53300,강지호,RC-202607-0741.jpg
2026-07-24,SRT 수서역,63200,강지호,RC-202607-0742.jpg
2026-07-24,교보문고 광화문,177200,강지호,RC-202607-0743.jpg
2026-07-24,SRT 수서역,12400,김서연,RC-202607-0744.jpg
2026-07-24,투썸플레이스 선릉점,16500,김서연,RC-202607-0745.jpg
2026-07-24,미도인 역삼,25500,김서연,RC-202607-0746.jpg
2026-07-24,카카오T 블루,72300,김서연,RC-202607-0747.jpg
2026-07-24,카카오T 블루,87500,김서연,RC-202607-0748.jpg
2026-07-24,라마다 대전,128000,김서연,RC-202607-0749.jpg
2026-07-24,명동칼국수 강남점,20000,박도윤,RC-202607-0750.jpg
2026-07-24,김밥천국 역삼점,36500,박도윤,RC-202607-0751.jpg
2026-07-24,SRT 수서역,37000,박도윤,RC-202607-0752.jpg
2026-07-24,이디야커피 역삼점,52500,박도윤,RC-202607-0753.jpg
2026-07-24,일렉트로마트 강남,56700,박도윤,RC-202607-0754.jpg
2026-07-24,투썸플레이스 선릉점,76500,박도윤,RC-202607-0755.jpg
2026-07-24,파킹클라우드 역삼,89500,박도윤,RC-202607-0756.jpg
2026-07-24,청담물갈비,134000,박도윤,RC-202607-0757.jpg
2026-07-24,청담물갈비,400000,박도윤,RC-202607-0758.jpg
2026-07-24,일렉트로마트 강남,20900,서준영,RC-202607-0759.jpg
2026-07-24,본죽 삼성점,44500,서준영,RC-202607-0760.jpg
2026-07-24,미도인 역삼,58500,서준영,RC-202607-0761.jpg
2026-07-24,김밥천국 역삼점,85000,서준영,RC-202607-0762.jpg
2026-07-24,오피스디포 강남점,85200,서준영,RC-202607-0763.jpg
2026-07-24,한우다이닝 청담,357000,서준영,RC-202607-0764.jpg
2026-07-24,본죽 삼성점,7000,오하은,RC-202607-0765.jpg
2026-07-24,파킹클라우드 역삼,55300,오하은,RC-202607-0766.jpg
2026-07-24,서울개인택시조합,84800,오하은,RC-202607-0767.jpg
2026-07-24,명동칼국수 강남점,17000,윤채원,RC-202607-0768.jpg
2026-07-24,본죽 삼성점,78000,윤채원,RC-202607-0769.jpg
2026-07-24,알라딘 중고서점 강남,269700,윤채원,RC-202607-0770.jpg
2026-07-24,김가네 선릉점,22500,이하준,RC-202607-0771.jpg
2026-07-24,서브웨이 강남파이낸스,23500,이하준,RC-202607-0772.jpg
2026-07-24,김밥천국 역삼점,35000,이하준,RC-202607-0773.jpg
2026-07-24,스타벅스 삼성점,76000,이하준,RC-202607-0774.jpg
2026-07-24,SRT 수서역,18500,임시우,RC-202607-0775.jpg
2026-07-24,티머니 충전,72800,임시우,RC-202607-0776.jpg
2026-07-24,한솥도시락 역삼,74000,임시우,RC-202607-0777.jpg
2026-07-24,교보문고 광화문,252900,임시우,RC-202607-0778.jpg
2026-07-24,삼원가든 신사,463000,임시우,RC-202607-0779.jpg
2026-07-24,티머니 충전,4500,정예린,RC-202607-0780.jpg
2026-07-24,서울개인택시조합,67800,정예린,RC-202607-0781.jpg
2026-07-24,미도인 역삼,88000,정예린,RC-202607-0782.jpg
2026-07-24,역삼포차,178000,정예린,RC-202607-0783.jpg
2026-07-24,삼원가든 신사,216000,정예린,RC-202607-0784.jpg
2026-07-24,알파문구 선릉,20000,조유나,RC-202607-0785.jpg
2026-07-24,스타벅스 삼성점,79500,최민서,RC-202607-0786.jpg
2026-07-24,김가네 선릉점,89000,최민서,RC-202607-0787.jpg
2026-07-24,청담물갈비,238000,최민서,RC-202607-0788.jpg
2026-07-24,SRT 수서역,6300,한지훈,RC-202607-0789.jpg
2026-07-24,스타벅스 삼성점,18500,한지훈,RC-202607-0790.jpg
2026-07-24,서브웨이 강남파이낸스,19500,한지훈,RC-202607-0791.jpg
2026-07-24,명동칼국수 강남점,32500,한지훈,RC-202607-0792.jpg
2026-07-24,카카오T 블루,45600,한지훈,RC-202607-0793.jpg
2026-07-24,서울개인택시조합,46900,한지훈,RC-202607-0794.jpg
2026-07-24,코레일 서울역,87200,한지훈,RC-202607-0795.jpg
2026-07-24,호텔현대 울산,113000,한지훈,RC-202607-0796.jpg
2026-07-24,삼원가든 신사,403000,한지훈,RC-202607-0797.jpg
2026-07-25,일렉트로마트 강남,95400,강지호,RC-202607-0798.jpg
2026-07-25,이디야커피 역삼점,12500,박도윤,RC-202607-0799.jpg
2026-07-25,인프런,137100,서준영,RC-202607-0800.jpg
2026-07-25,오피스디포 강남점,111300,정예린,RC-202607-0801.jpg
2026-07-26,교보문고 광화문,306100,이하준,RC-202607-0802.jpg
2026-07-26,파킹클라우드 역삼,15800,정예린,RC-202607-0803.jpg
2026-07-27,투썸플레이스 선릉점,13000,강지호,RC-202607-0804.jpg
2026-07-27,스타벅스 삼성점,24000,강지호,RC-202607-0805.jpg
2026-07-27,이디야커피 역삼점,51000,강지호,RC-202607-0806.jpg
2026-07-27,스타벅스 삼성점,71000,강지호,RC-202607-0807.jpg
2026-07-27,역삼포차,344000,강지호,RC-202607-0808.jpg
2026-07-27,다이소 역삼점,9900,김서연,RC-202607-0809.jpg
2026-07-27,김밥천국 역삼점,24500,김서연,RC-202607-0810.jpg
2026-07-27,파킹클라우드 역삼,61400,박도윤,RC-202607-0811.jpg
2026-07-27,서울개인택시조합,80900,박도윤,RC-202607-0812.jpg
2026-07-27,투썸플레이스 선릉점,85500,박도윤,RC-202607-0813.jpg
2026-07-27,라마다 대전,164000,서준영,RC-202607-0814.jpg
2026-07-27,영풍문고 종로,320100,서준영,RC-202607-0815.jpg
2026-07-27,하이패스 자동결제,6700,오하은,RC-202607-0816.jpg
2026-07-27,알라딘 중고서점 강남,69700,오하은,RC-202607-0817.jpg
2026-07-27,투썸플레이스 선릉점,84500,오하은,RC-202607-0818.jpg
2026-07-27,이디야커피 역삼점,13500,윤채원,RC-202607-0819.jpg
2026-07-27,이디야커피 역삼점,21500,윤채원,RC-202607-0820.jpg
2026-07-27,한솥도시락 역삼,34000,윤채원,RC-202607-0821.jpg
2026-07-27,베스트웨스턴 구로,146000,윤채원,RC-202607-0822.jpg
2026-07-27,영풍문고 종로,225500,윤채원,RC-202607-0823.jpg
2026-07-27,김가네 선릉점,16000,이하준,RC-202607-0824.jpg
2026-07-27,티머니 충전,32000,이하준,RC-202607-0825.jpg
2026-07-27,이디야커피 역삼점,37500,이하준,RC-202607-0826.jpg
2026-07-27,투썸플레이스 선릉점,62500,이하준,RC-202607-0827.jpg
2026-07-27,김가네 선릉점,90500,이하준,RC-202607-0828.jpg
2026-07-27,서브웨이 강남파이낸스,50000,임시우,RC-202607-0829.jpg
2026-07-27,스타벅스 삼성점,69000,임시우,RC-202607-0830.jpg
2026-07-27,김밥천국 역삼점,70000,임시우,RC-202607-0831.jpg
2026-07-27,호텔현대 울산,107000,임시우,RC-202607-0832.jpg
2026-07-27,스타벅스 삼성점,31000,정예린,RC-202607-0833.jpg
2026-07-27,하이패스 자동결제,39400,정예린,RC-202607-0834.jpg
2026-07-27,서브웨이 강남파이낸스,55500,정예린,RC-202607-0835.jpg
2026-07-27,미도인 역삼,67500,정예린,RC-202607-0836.jpg
2026-07-27,청담물갈비,362000,정예린,RC-202607-0837.jpg
2026-07-27,스시조 소공,633000,정예린,RC-202607-0838.jpg
2026-07-27,김밥천국 역삼점,25500,조유나,RC-202607-0839.jpg
2026-07-27,파킹클라우드 역삼,23500,최민서,RC-202607-0840.jpg
2026-07-27,쿠팡비즈,58500,최민서,RC-202607-0841.jpg
2026-07-27,일렉트로마트 강남,27100,한지훈,RC-202607-0842.jpg
2026-07-27,이디야커피 역삼점,65000,한지훈,RC-202607-0843.jpg
2026-07-28,서브웨이 강남파이낸스,11500,강지호,RC-202607-0844.jpg
2026-07-28,김밥천국 역삼점,17500,강지호,RC-202607-0845.jpg
2026-07-28,본죽 삼성점,25000,강지호,RC-202607-0846.jpg
2026-07-28,이디야커피 역삼점,37500,강지호,RC-202607-0847.jpg
2026-07-28,인프런,75400,강지호,RC-202607-0848.jpg
2026-07-28,김가네 선릉점,32000,박도윤,RC-202607-0849.jpg
2026-07-28,티머니 충전,79500,박도윤,RC-202607-0850.jpg
2026-07-28,미도인 역삼,48500,서준영,RC-202607-0851.jpg
2026-07-28,알라딘 중고서점 강남,78200,서준영,RC-202607-0852.jpg
2026-07-28,알파문구 선릉,135000,서준영,RC-202607-0853.jpg
2026-07-28,베스트웨스턴 구로,157000,서준영,RC-202607-0854.jpg
2026-07-28,스시조 소공,204000,오하은,RC-202607-0855.jpg
2026-07-28,스시조 소공,275000,오하은,RC-202607-0856.jpg
2026-07-28,한우다이닝 청담,529000,오하은,RC-202607-0857.jpg
2026-07-28,미도인 역삼,72500,윤채원,RC-202607-0858.jpg
2026-07-28,교보문고 광화문,135500,윤채원,RC-202607-0859.jpg
2026-07-28,라마다 대전,118000,이하준,RC-202607-0860.jpg
2026-07-28,한솥도시락 역삼,11500,임시우,RC-202607-0861.jpg
2026-07-28,카카오T 블루,60100,임시우,RC-202607-0862.jpg
2026-07-28,하남돼지집 삼성점,263000,임시우,RC-202607-0863.jpg
2026-07-28,이디야커피 역삼점,35000,정예린,RC-202607-0864.jpg
2026-07-28,서울개인택시조합,35200,정예린,RC-202607-0865.jpg
2026-07-28,김가네 선릉점,60500,정예린,RC-202607-0866.jpg
2026-07-28,다이소 역삼점,126000,정예린,RC-202607-0867.jpg
2026-07-28,한솥도시락 역삼,30500,조유나,RC-202607-0868.jpg
2026-07-28,한솥도시락 역삼,31000,조유나,RC-202607-0869.jpg
2026-07-28,쿠팡비즈,44900,조유나,RC-202607-0870.jpg
2026-07-28,인프런,172700,조유나,RC-202607-0871.jpg
2026-07-28,알파문구 선릉,77500,최민서,RC-202607-0872.jpg
2026-07-28,청담물갈비,361000,최민서,RC-202607-0873.jpg
2026-07-28,카카오T 블루,5300,한지훈,RC-202607-0874.jpg
2026-07-28,미도인 역삼,9000,한지훈,RC-202607-0875.jpg
2026-07-28,이디야커피 역삼점,11500,한지훈,RC-202607-0876.jpg
2026-07-28,투썸플레이스 선릉점,47000,한지훈,RC-202607-0877.jpg
2026-07-28,투썸플레이스 선릉점,58500,한지훈,RC-202607-0878.jpg
2026-07-28,알파문구 선릉,117100,한지훈,RC-202607-0879.jpg
2026-07-28,역삼포차,347000,한지훈,RC-202607-0880.jpg
2026-07-29,명동칼국수 강남점,36500,강지호,RC-202607-0881.jpg
2026-07-29,미도인 역삼,82000,강지호,RC-202607-0882.jpg
2026-07-29,알파문구 선릉,21100,김서연,RC-202607-0883.jpg
2026-07-29,이디야커피 역삼점,33000,김서연,RC-202607-0884.jpg
2026-07-29,투썸플레이스 선릉점,35500,김서연,RC-202607-0885.jpg
2026-07-29,다이소 역삼점,128800,김서연,RC-202607-0886.jpg
2026-07-29,명동칼국수 강남점,35000,박도윤,RC-202607-0887.jpg
2026-07-29,한우다이닝 청담,425000,박도윤,RC-202607-0888.jpg
2026-07-29,김밥천국 역삼점,11000,서준영,RC-202607-0889.jpg
2026-07-29,코레일 서울역,15000,서준영,RC-202607-0890.jpg
2026-07-29,카카오T 블루,21400,서준영,RC-202607-0891.jpg
2026-07-29,코레일 서울역,51800,서준영,RC-202607-0892.jpg
2026-07-29,김가네 선릉점,86500,서준영,RC-202607-0893.jpg
2026-07-29,이디야커피 역삼점,7000,오하은,RC-202607-0894.jpg
2026-07-29,하이패스 자동결제,12100,오하은,RC-202607-0895.jpg
2026-07-29,코레일 서울역,33700,윤채원,RC-202607-0896.jpg
2026-07-29,이디야커피 역삼점,41500,윤채원,RC-202607-0897.jpg
2026-07-29,SRT 수서역,73300,윤채원,RC-202607-0898.jpg
2026-07-29,신라스테이 역삼,114000,윤채원,RC-202607-0899.jpg
2026-07-29,한솥도시락 역삼,56500,이하준,RC-202607-0900.jpg
2026-07-29,하남돼지집 삼성점,409000,이하준,RC-202607-0901.jpg
2026-07-29,코레일 서울역,31700,임시우,RC-202607-0902.jpg
2026-07-29,서브웨이 강남파이낸스,92000,임시우,RC-202607-0903.jpg
2026-07-29,명동칼국수 강남점,67000,정예린,RC-202607-0904.jpg
2026-07-29,카카오T 블루,81300,정예린,RC-202607-0905.jpg
2026-07-29,미도인 역삼,88500,정예린,RC-202607-0906.jpg
2026-07-29,일렉트로마트 강남,127000,정예린,RC-202607-0907.jpg
2026-07-29,서울개인택시조합,28900,조유나,RC-202607-0908.jpg
2026-07-29,한솥도시락 역삼,91000,조유나,RC-202607-0909.jpg
2026-07-29,한솥도시락 역삼,91500,조유나,RC-202607-0910.jpg
2026-07-29,하남돼지집 삼성점,175000,조유나,RC-202607-0911.jpg
2026-07-29,김가네 선릉점,24000,최민서,RC-202607-0912.jpg
2026-07-29,오피스디포 강남점,27700,최민서,RC-202607-0913.jpg
2026-07-29,오피스디포 강남점,32500,최민서,RC-202607-0914.jpg
2026-07-29,일렉트로마트 강남,84900,최민서,RC-202607-0915.jpg
2026-07-29,호텔현대 울산,160000,최민서,RC-202607-0916.jpg
2026-07-29,일렉트로마트 강남,40400,한지훈,RC-202607-0917.jpg
2026-07-29,명동칼국수 강남점,56500,한지훈,RC-202607-0918.jpg
2026-07-29,김가네 선릉점,61500,한지훈,RC-202607-0919.jpg
2026-07-29,서브웨이 강남파이낸스,80500,한지훈,RC-202607-0920.jpg
2026-07-30,김밥천국 역삼점,13500,강지호,RC-202607-0921.jpg
2026-07-30,김가네 선릉점,20500,강지호,RC-202607-0922.jpg
2026-07-30,오피스디포 강남점,30800,강지호,RC-202607-0923.jpg
2026-07-30,명동칼국수 강남점,68000,강지호,RC-202607-0924.jpg
2026-07-30,서울개인택시조합,25100,김서연,RC-202607-0925.jpg
2026-07-30,서울개인택시조합,53900,김서연,RC-202607-0926.jpg
2026-07-30,코레일 서울역,56400,김서연,RC-202607-0927.jpg
2026-07-30,역삼포차,291000,김서연,RC-202607-0928.jpg
2026-07-30,코레일 서울역,19200,박도윤,RC-202607-0929.jpg
2026-07-30,쿠팡비즈,33500,박도윤,RC-202607-0930.jpg
2026-07-30,김가네 선릉점,80500,박도윤,RC-202607-0931.jpg
2026-07-30,김밥천국 역삼점,80000,서준영,RC-202607-0932.jpg
2026-07-30,명동칼국수 강남점,82000,서준영,RC-202607-0933.jpg
2026-07-30,스타벅스 삼성점,81500,오하은,RC-202607-0934.jpg
2026-07-30,스타벅스 삼성점,25500,윤채원,RC-202607-0935.jpg
2026-07-30,미도인 역삼,35500,윤채원,RC-202607-0936.jpg
2026-07-30,한솥도시락 역삼,58500,윤채원,RC-202607-0937.jpg
2026-07-30,영풍문고 종로,213400,이하준,RC-202607-0938.jpg
2026-07-30,티머니 충전,59600,임시우,RC-202607-0939.jpg
2026-07-30,김밥천국 역삼점,64500,임시우,RC-202607-0940.jpg
2026-07-30,하이패스 자동결제,20700,정예린,RC-202607-0941.jpg
2026-07-30,이디야커피 역삼점,33500,정예린,RC-202607-0942.jpg
2026-07-30,김밥천국 역삼점,38500,정예린,RC-202607-0943.jpg
2026-07-30,김가네 선릉점,91000,정예린,RC-202607-0944.jpg
2026-07-30,광화문곱창 강남,217000,정예린,RC-202607-0945.jpg
2026-07-30,삼원가든 신사,365000,정예린,RC-202607-0946.jpg
2026-07-30,쿠팡비즈,49900,조유나,RC-202607-0947.jpg
2026-07-30,영풍문고 종로,160700,조유나,RC-202607-0948.jpg
2026-07-30,스타벅스 삼성점,15500,최민서,RC-202607-0949.jpg
2026-07-30,쿠팡비즈,73000,최민서,RC-202607-0950.jpg
2026-07-30,파킹클라우드 역삼,35700,한지훈,RC-202607-0951.jpg
2026-07-30,알파문구 선릉,52800,한지훈,RC-202607-0952.jpg
2026-07-30,김밥천국 역삼점,71000,한지훈,RC-202607-0953.jpg
2026-07-30,역삼포차,143000,한지훈,RC-202607-0954.jpg
2026-07-30,광화문곱창 강남,179000,한지훈,RC-202607-0955.jpg
2026-07-30,스시조 소공,233000,한지훈,RC-202607-0956.jpg
2026-07-31,티머니 충전,21000,강지호,RC-202607-0957.jpg
2026-07-31,김가네 선릉점,41500,강지호,RC-202607-0958.jpg
2026-07-31,서울개인택시조합,63800,강지호,RC-202607-0959.jpg
2026-07-31,청담물갈비,471000,강지호,RC-202607-0960.jpg
2026-07-31,티머니 충전,47400,김서연,RC-202607-0961.jpg
2026-07-31,투썸플레이스 선릉점,65000,김서연,RC-202607-0962.jpg
2026-07-31,티머니 충전,76500,김서연,RC-202607-0963.jpg
2026-07-31,오피스디포 강남점,26600,박도윤,RC-202607-0964.jpg
2026-07-31,SRT 수서역,33100,박도윤,RC-202607-0965.jpg
2026-07-31,코레일 서울역,76400,박도윤,RC-202607-0966.jpg
2026-07-31,하남돼지집 삼성점,226000,박도윤,RC-202607-0967.jpg
2026-07-31,김밥천국 역삼점,32000,서준영,RC-202607-0968.jpg
2026-07-31,알라딘 중고서점 강남,144500,오하은,RC-202607-0969.jpg
2026-07-31,카카오T 블루,41500,윤채원,RC-202607-0970.jpg
2026-07-31,티머니 충전,93600,이하준,RC-202607-0971.jpg
2026-07-31,김밥천국 역삼점,12000,임시우,RC-202607-0972.jpg
2026-07-31,투썸플레이스 선릉점,27000,임시우,RC-202607-0973.jpg
2026-07-31,스타벅스 삼성점,36500,임시우,RC-202607-0974.jpg
2026-07-31,알파문구 선릉,50500,임시우,RC-202607-0975.jpg
2026-07-31,일렉트로마트 강남,112900,임시우,RC-202607-0976.jpg
2026-07-31,광화문곱창 강남,355000,임시우,RC-202607-0977.jpg
2026-07-31,티머니 충전,6600,정예린,RC-202607-0978.jpg
2026-07-31,스타벅스 삼성점,53000,정예린,RC-202607-0979.jpg
2026-07-31,티머니 충전,69800,정예린,RC-202607-0980.jpg
2026-07-31,코레일 서울역,87200,정예린,RC-202607-0981.jpg
2026-07-31,알파문구 선릉,128800,정예린,RC-202607-0982.jpg
2026-07-31,서울개인택시조합,19500,조유나,RC-202607-0983.jpg
2026-07-31,서브웨이 강남파이낸스,20000,조유나,RC-202607-0984.jpg
2026-07-31,한솥도시락 역삼,40500,조유나,RC-202607-0985.jpg
2026-07-31,SRT 수서역,44400,조유나,RC-202607-0986.jpg
2026-07-31,한솥도시락 역삼,51000,조유나,RC-202607-0987.jpg
2026-07-31,김밥천국 역삼점,81500,조유나,RC-202607-0988.jpg
2026-07-31,스시조 소공,392000,조유나,RC-202607-0989.jpg
2026-07-31,삼원가든 신사,622000,조유나,RC-202607-0990.jpg
2026-07-31,SRT 수서역,41200,최민서,RC-202607-0991.jpg
2026-07-31,김가네 선릉점,66500,최민서,RC-202607-0992.jpg
2026-07-31,일렉트로마트 강남,118500,최민서,RC-202607-0993.jpg
2026-07-31,코레일 서울역,8300,한지훈,RC-202607-0994.jpg
2026-07-31,쿠팡비즈,51900,한지훈,RC-202607-0995.jpg
2026-07-31,하이패스 자동결제,77500,한지훈,RC-202607-0996.jpg
2026-07-31,하남돼지집 삼성점,426000,한지훈,RC-202607-0997.jpg
